[
    {
        "nome": "pirulito",
        "quantidade": 421,
        "refugadas": 72,
        "tempo": 44,
        "data": "2025-06-10"
    },
    {
        "nome": "calça",
        "quantidade": 93,
        "refugadas": 24,
        "tempo": 2.3,
        "data": "2025-06-10"
    },
    {
        "nome": "arroz",
        "quantidade": 7,
        "refugadas": 2,
        "tempo": 0.6,
        "data": "2025-06-10"
    },
    {
        "nome": "sapato",
        "quantidade": 43,
        "refugadas": 9,
        "tempo": 3,
        "data": "2025-06-10"
    },
    {
        "nome": "arroz",
        "quantidade": 7,
        "refugadas": 2,
        "tempo": 0.6,
        "data": "2025-06-10"
    },
    {
        "nome": "sapato",
        "quantidade": 43,
        "refugadas": 9,
        "tempo": 3,
        "data": "2025-06-10"
    },
    {
        "nome": "chuteira",
        "quantidade": 400,
        "refugadas": 40,
        "tempo": 30,
        "data": "2025-06-10"
    },
    {
        "nome": "boneco",
        "quantidade": 23,
        "refugadas": 9,
        "tempo": 0.9,
        "data": "10\/06\/2025"
    },
    {
        "nome": "boneco",
        "quantidade": 400,
        "refugadas": 58,
        "tempo": 5,
        "data": "10\/06\/2025"
    },
    {
        "nome": "cd",
        "quantidade": 1000,
        "refugadas": 350,
        "tempo": 10,
        "data": "10\/06\/2025"
    }
]